RESNAME,RESID,FF_ENTROPY(J/mol/K),TT_ENTROPY(J/mol/K)
LYS,1,66.12750533345631,40.167409951453
VAL,2,33.614124342554106,27.053939396810172
PHE,3,50.759291956587695,24.16761821090122
GLY,4,3.934125079177118,3.6151283936445386
ARG,5,53.538673341155,42.18043595984177
CYS,6,21.70833361560677,6.539437146247678
GLU,7,58.52987049599654,11.217987476468755
LEU,8,42.927710212088826,35.470579404643445
ALA,9,11.01068303418759,12.718362540718797
ALA,10,9.199912643463183,11.181547038917932
ALA,11,10.599439586239809,13.484623232102466
MET,12,60.94734242604613,26.081166269223306
LYS,13,67.15435960835963,33.67387355474741
ARG,14,56.2004511930034,44.588963616901324
HIS,15,64.2539039542275,11.817988428448905
GLY,16,3.3524006634017343,6.227476837512077
LEU,17,49.54948925379273,33.68205503728718
ASP,18,47.20812991908572,8.596670850666252
ASN,19,44.79654068610045,11.846226943718971
TYR,20,53.935544609885014,26.02900552830511
ARG,21,55.412404619591044,41.75653840171813
GLY,22,4.241421482807929,3.9865450444923067
TYR,23,40.350414181683014,26.449322517210927
SER,24,19.238454083067673,9.160211538887461
LEU,25,43.04573407477488,30.949428378965592
GLY,26,3.522211729497442,5.1107088703287715
ASN,27,42.66520722863268,10.624296131118323
TRP,28,27.20357304243263,32.68973500100209
VAL,29,35.13131344455691,26.107706290360955
CYS,30,24.26511338674906,8.554186846881457
ALA,31,9.81432770685601,11.86799809550872
ALA,32,11.134828078038007,15.588508305248968
LYS,33,58.9978156356774,33.87443407510141
PHE,34,46.19824104747969,25.276134780198444
GLU,35,57.72175177566366,9.730613372136641
SER,36,17.762379222307246,9.27826092071609
ASN,37,38.072228549501794,10.683315980194795
PHE,38,46.84121844974123,25.327914923137904
ASN,39,41.11993791354447,12.300420733994038
THR,40,33.1145959576476,20.574124892875272
GLN,41,57.78384836433442,14.440910796718248
ALA,42,12.59620105911818,16.725872870313054
THR,43,37.28584880765201,17.849368367264198
ASN,44,51.02831544335888,14.758643894903264
ARG,45,52.444540915044335,42.50427434808878
ASN,46,49.510015157316424,12.4745647118918
THR,47,31.016908618354282,20.35892684670704
ASP,48,45.49441003149276,5.903777556740937
GLY,49,4.015717985890835,4.7155629299917425
SER,50,20.592100537220553,7.848343144240169
THR,51,36.55504540009532,14.678067387200747
ASP,52,45.01161757689916,4.387928052567953
TYR,53,41.51599802857285,18.978086734318754
GLY,54,4.276751659440133,2.849541044620171
ILE,55,51.20184822713599,36.28920389746362
LEU,56,50.699401407682544,31.994737279012814
GLN,57,66.59763046123554,22.057028563742705
ILE,58,48.54109646842403,33.22764707513099
ASN,59,52.98098980926329,12.531296716696701
SER,60,22.422748289507048,12.512298122651757
ARG,61,61.904211859492776,49.01757845038867
TRP,62,21.394106247396575,33.804417058652724
TRP,63,28.09567506004362,28.074596082005037
CYS,64,22.85037600792599,5.386990440644657
ASN,65,44.578348648281825,13.286343055078916
ASP,66,44.93938466083262,4.698795280529941
GLY,67,3.4278550035933972,6.001232811051432
ARG,68,53.31278155393173,45.517810850192696
THR,69,29.73869227937709,15.734535310831527
PRO,70,23.040180221664762,11.184336455133076
GLY,71,3.204856616801953,4.247773856741445
SER,72,23.145382446945117,8.734195647095904
ARG,73,55.63749255611937,41.60628293647241
ASN,74,48.05944811872777,14.970807270396682
LEU,75,47.989454310211954,38.25130680382396
CYS,76,19.832514895530682,5.196986305845574
ASN,77,42.92441586836158,10.035149239129533
ILE,78,51.67036953369143,35.50121312793572
PRO,79,31.858769021850517,17.15609140343229
CYS,80,22.42288066229639,6.201369621884879
SER,81,19.044029145645474,8.484812474970001
ALA,82,9.074818855765198,10.826864390297754
LEU,83,46.3104904435107,30.35927870205573
LEU,84,49.651452166439,36.74171480161249
SER,85,20.294197872982952,9.251331274115524
SER,86,22.396396614873026,14.006197779767906
ASP,87,39.82089151419363,7.811831327561364
ILE,88,52.42948253085064,37.939710736702715
THR,89,37.60343529028153,19.270649728943926
ALA,90,12.096659572660794,13.837670457220769
SER,91,22.191445099801626,6.890581617526765
VAL,92,37.11743568588691,25.281641945304962
ASN,93,45.43570368490191,11.10767805284652
CYS,94,21.08717203084228,6.168296469171483
ALA,95,12.746747178850079,12.403240701867768
LYS,96,73.12548078312736,42.98205583648419
LYS,97,64.79768509360007,29.52998276141117
ILE,98,49.59815534242833,38.88732526910213
VAL,99,35.16067073077659,26.852700389916244
SER,100,18.75825612476835,6.965842644584643
ASP,101,44.436533809320736,7.394706556461693
GLY,102,3.394600385816216,4.433413254257345
ASN,103,45.66326066566184,12.490273100051775
GLY,104,4.159119278315952,3.588697364957872
MET,105,53.78965913657565,26.486444975311734
ASN,106,46.972340154658234,7.8411269965156
ALA,107,10.360904339616255,13.688782278904286
TRP,108,26.273381959186555,29.595381401492023
VAL,109,36.13305475206096,27.497535030109947
ALA,110,8.167821394222836,14.220992548550456
TRP,111,25.05428958702515,34.84653653284533
ARG,112,64.6883638948883,42.111733945610574
ASN,113,42.87796869587426,12.357616674837082
ARG,114,53.14595676263917,38.120402482004685
CYS,115,20.434720837501285,6.13911286228382
LYS,116,59.51748326017452,35.25903859821993
GLY,117,3.838639787133376,3.9359894863207003
THR,118,37.23276036854,19.80449079148558
ASP,119,45.168707875500836,7.073215447183771
VAL,120,37.14212085794802,32.41910233504567
GLN,121,60.74938957660198,20.45375325383602
ALA,122,13.03667346468378,14.250075033928555
TRP,123,25.366828208248528,36.362588980929104
ILE,124,49.24786254862612,31.63877266897372
ARG,125,69.13777456647388,43.10413080223023
GLY,126,3.8969709812026125,4.66303827277332
CYS,127,20.47199616313417,8.911685209209226
ARG,128,52.72556266068884,46.627979332192695
LEU,129,59.43633013187343,34.30683837332643
