nearest,assigned,shell_num,variable,value,count
ALA,SOL,1.0,Sor_test2,2.045613266187014,270
ALA,SOL,1.0,Strans,10.853956708173454,270
ALA,SOL,1.0,Srot,0.5418617536341803,270
ALA,SOL,1.0,count,13.5,270
ARG,SOL,1.0,Sor_test2,4.307758931675124,2145
ARG,SOL,1.0,Strans,12.213378450600754,2145
ARG,SOL,1.0,Srot,0.5384162744269413,2145
ARG,SOL,1.0,count,107.25,2145
ASN,SOL,1.0,Sor_test2,4.417797420931848,1333
ASN,SOL,1.0,Strans,12.261870046865683,1333
ASN,SOL,1.0,Srot,0.5574285457633634,1333
ASN,SOL,1.0,count,66.65,1333
ASP,SOL,1.0,Sor_test2,1.4067909050354954,809
ASP,SOL,1.0,Strans,11.228171368729528,809
ASP,SOL,1.0,Srot,0.43673124620237874,809
ASP,SOL,1.0,count,40.45,809
CL,SOL,1.0,Sor_test2,4.042984438261275,1127
CL,SOL,1.0,Strans,12.511761137983227,1127
CL,SOL,1.0,Srot,0.20116642058719636,1127
CL,SOL,1.0,count,56.35,1127
CYS,SOL,1.0,Sor_test2,0.6554439606453629,129
CYS,SOL,1.0,Strans,12.175789436903077,129
CYS,SOL,1.0,Srot,0.660375589036895,129
CYS,SOL,1.0,count,6.45,129
GLN,SOL,1.0,Sor_test2,2.2569900427307195,278
GLN,SOL,1.0,Strans,12.455034575936706,278
GLN,SOL,1.0,Srot,0.6973479136913384,278
GLN,SOL,1.0,count,13.9,278
GLU,SOL,1.0,Sor_test2,0.4188067730266181,264
GLU,SOL,1.0,Strans,10.73850981013487,264
GLU,SOL,1.0,Srot,0.38464632512353863,264
GLU,SOL,1.0,count,13.2,264
GLY,SOL,1.0,Sor_test2,3.317004100637497,569
GLY,SOL,1.0,Strans,12.231712004695432,569
GLY,SOL,1.0,Srot,0.6488876217312,569
GLY,SOL,1.0,count,28.45,569
HIS,SOL,1.0,Sor_test2,1.3222404007825637,74
HIS,SOL,1.0,Strans,13.378888730524029,74
HIS,SOL,1.0,Srot,0.5544987084105125,74
HIS,SOL,1.0,count,3.7,74
ILE,SOL,1.0,Sor_test2,1.5922197353248155,110
ILE,SOL,1.0,Strans,12.304496346086145,110
ILE,SOL,1.0,Srot,0.7182318706352805,110
ILE,SOL,1.0,count,5.5,110
LEU,SOL,1.0,Sor_test2,1.465961614640708,342
LEU,SOL,1.0,Strans,12.213334371583123,342
LEU,SOL,1.0,Srot,0.5760935428014555,342
LEU,SOL,1.0,count,17.1,342
LYS,SOL,1.0,Sor_test2,1.939914253016845,708
LYS,SOL,1.0,Strans,13.198340372277,708
LYS,SOL,1.0,Srot,0.6212007411248891,708
LYS,SOL,1.0,count,35.4,708
MET,SOL,1.0,Sor_test2,0.0,19
MET,SOL,1.0,Strans,12.048174984222403,19
MET,SOL,1.0,Srot,1.0409450669117886,19
MET,SOL,1.0,count,0.95,19
PHE,SOL,1.0,Sor_test2,2.2229107149560057,132
PHE,SOL,1.0,Strans,9.95794093035545,132
PHE,SOL,1.0,Srot,0.6556878100267745,132
PHE,SOL,1.0,count,6.6,132
PRO,SOL,1.0,Sor_test2,2.2245847760402526,194
PRO,SOL,1.0,Strans,12.65095284330799,194
PRO,SOL,1.0,Srot,0.5739086511681044,194
PRO,SOL,1.0,count,9.7,194
SER,SOL,1.0,Sor_test2,1.935638111782895,516
SER,SOL,1.0,Strans,12.755494418234129,516
SER,SOL,1.0,Srot,0.6399780377064667,516
SER,SOL,1.0,count,25.8,516
THR,SOL,1.0,Sor_test2,2.023674932219302,503
THR,SOL,1.0,Strans,12.034492270431514,503
THR,SOL,1.0,Srot,0.6314624393437313,503
THR,SOL,1.0,count,25.15,503
TRP,SOL,1.0,Sor_test2,1.6995898997770613,362
TRP,SOL,1.0,Strans,12.988873612055642,362
TRP,SOL,1.0,Srot,0.68506986919709,362
TRP,SOL,1.0,count,18.1,362
TYR,SOL,1.0,Sor_test2,1.5072019457187575,169
TYR,SOL,1.0,Strans,12.29133548139495,169
TYR,SOL,1.0,Srot,0.6160494097052182,169
TYR,SOL,1.0,count,8.45,169
VAL,SOL,1.0,Sor_test2,2.6564545677463873,272
VAL,SOL,1.0,Strans,11.283552250325943,272
VAL,SOL,1.0,Srot,0.5917900305247851,272
VAL,SOL,1.0,count,13.6,272
nearest,assigned,shell_num,variable,value,count
ALA,SOL,1.0,Sor_test2,2.045613266187014,270
ALA,SOL,1.0,Strans,10.853956708173454,270
ALA,SOL,1.0,Srot,0.5418617536341803,270
ALA,SOL,1.0,count,13.5,270
ARG,SOL,1.0,Sor_test2,4.307758931675124,2145
ARG,SOL,1.0,Strans,12.213378450600754,2145
ARG,SOL,1.0,Srot,0.5384162744269413,2145
ARG,SOL,1.0,count,107.25,2145
ASN,SOL,1.0,Sor_test2,4.417797420931848,1333
ASN,SOL,1.0,Strans,12.261870046865683,1333
ASN,SOL,1.0,Srot,0.5574285457633634,1333
ASN,SOL,1.0,count,66.65,1333
ASP,SOL,1.0,Sor_test2,1.4067909050354954,809
ASP,SOL,1.0,Strans,11.228171368729528,809
ASP,SOL,1.0,Srot,0.43673124620237874,809
ASP,SOL,1.0,count,40.45,809
CL,SOL,1.0,Sor_test2,4.042984438261275,1127
CL,SOL,1.0,Strans,12.511761137983227,1127
CL,SOL,1.0,Srot,0.20116642058719636,1127
CL,SOL,1.0,count,56.35,1127
CYS,SOL,1.0,Sor_test2,0.6554439606453629,129
CYS,SOL,1.0,Strans,12.175789436903077,129
CYS,SOL,1.0,Srot,0.660375589036895,129
CYS,SOL,1.0,count,6.45,129
GLN,SOL,1.0,Sor_test2,2.2569900427307195,278
GLN,SOL,1.0,Strans,12.455034575936706,278
GLN,SOL,1.0,Srot,0.6973479136913384,278
GLN,SOL,1.0,count,13.9,278
GLU,SOL,1.0,Sor_test2,0.4188067730266181,264
GLU,SOL,1.0,Strans,10.73850981013487,264
GLU,SOL,1.0,Srot,0.38464632512353863,264
GLU,SOL,1.0,count,13.2,264
GLY,SOL,1.0,Sor_test2,3.317004100637497,569
GLY,SOL,1.0,Strans,12.231712004695432,569
GLY,SOL,1.0,Srot,0.6488876217312,569
GLY,SOL,1.0,count,28.45,569
HIS,SOL,1.0,Sor_test2,1.3222404007825637,74
HIS,SOL,1.0,Strans,13.378888730524029,74
HIS,SOL,1.0,Srot,0.5544987084105125,74
HIS,SOL,1.0,count,3.7,74
ILE,SOL,1.0,Sor_test2,1.5922197353248155,110
ILE,SOL,1.0,Strans,12.304496346086145,110
ILE,SOL,1.0,Srot,0.7182318706352805,110
ILE,SOL,1.0,count,5.5,110
LEU,SOL,1.0,Sor_test2,1.465961614640708,342
LEU,SOL,1.0,Strans,12.213334371583123,342
LEU,SOL,1.0,Srot,0.5760935428014555,342
LEU,SOL,1.0,count,17.1,342
LYS,SOL,1.0,Sor_test2,1.939914253016845,708
LYS,SOL,1.0,Strans,13.198340372277,708
LYS,SOL,1.0,Srot,0.6212007411248891,708
LYS,SOL,1.0,count,35.4,708
MET,SOL,1.0,Sor_test2,0.0,19
MET,SOL,1.0,Strans,12.048174984222403,19
MET,SOL,1.0,Srot,1.0409450669117886,19
MET,SOL,1.0,count,0.95,19
PHE,SOL,1.0,Sor_test2,2.2229107149560057,132
PHE,SOL,1.0,Strans,9.95794093035545,132
PHE,SOL,1.0,Srot,0.6556878100267745,132
PHE,SOL,1.0,count,6.6,132
PRO,SOL,1.0,Sor_test2,2.2245847760402526,194
PRO,SOL,1.0,Strans,12.65095284330799,194
PRO,SOL,1.0,Srot,0.5739086511681044,194
PRO,SOL,1.0,count,9.7,194
SER,SOL,1.0,Sor_test2,1.935638111782895,516
SER,SOL,1.0,Strans,12.755494418234129,516
SER,SOL,1.0,Srot,0.6399780377064667,516
SER,SOL,1.0,count,25.8,516
THR,SOL,1.0,Sor_test2,2.023674932219302,503
THR,SOL,1.0,Strans,12.034492270431514,503
THR,SOL,1.0,Srot,0.6314624393437313,503
THR,SOL,1.0,count,25.15,503
TRP,SOL,1.0,Sor_test2,1.6995898997770613,362
TRP,SOL,1.0,Strans,12.988873612055642,362
TRP,SOL,1.0,Srot,0.68506986919709,362
TRP,SOL,1.0,count,18.1,362
TYR,SOL,1.0,Sor_test2,1.5072019457187575,169
TYR,SOL,1.0,Strans,12.29133548139495,169
TYR,SOL,1.0,Srot,0.6160494097052182,169
TYR,SOL,1.0,count,8.45,169
VAL,SOL,1.0,Sor_test2,2.6564545677463873,272
VAL,SOL,1.0,Strans,11.283552250325943,272
VAL,SOL,1.0,Srot,0.5917900305247851,272
VAL,SOL,1.0,count,13.6,272
nearest,assigned,shell_num,variable,value,count
ALA,SOL,1.0,Sor_test2,2.045613266187014,270
ALA,SOL,1.0,Strans,10.853956708173454,270
ALA,SOL,1.0,Srot,0.5418617536341803,270
ALA,SOL,1.0,count,13.5,270
ARG,SOL,1.0,Sor_test2,4.307758931675124,2145
ARG,SOL,1.0,Strans,12.213378450600754,2145
ARG,SOL,1.0,Srot,0.5384162744269413,2145
ARG,SOL,1.0,count,107.25,2145
ASN,SOL,1.0,Sor_test2,4.417797420931848,1333
ASN,SOL,1.0,Strans,12.261870046865683,1333
ASN,SOL,1.0,Srot,0.5574285457633634,1333
ASN,SOL,1.0,count,66.65,1333
ASP,SOL,1.0,Sor_test2,1.4067909050354954,809
ASP,SOL,1.0,Strans,11.228171368729528,809
ASP,SOL,1.0,Srot,0.43673124620237874,809
ASP,SOL,1.0,count,40.45,809
CL,SOL,1.0,Sor_test2,4.042984438261275,1127
CL,SOL,1.0,Strans,12.511761137983227,1127
CL,SOL,1.0,Srot,0.20116642058719636,1127
CL,SOL,1.0,count,56.35,1127
CYS,SOL,1.0,Sor_test2,0.6554439606453629,129
CYS,SOL,1.0,Strans,12.175789436903077,129
CYS,SOL,1.0,Srot,0.660375589036895,129
CYS,SOL,1.0,count,6.45,129
GLN,SOL,1.0,Sor_test2,2.2569900427307195,278
GLN,SOL,1.0,Strans,12.455034575936706,278
GLN,SOL,1.0,Srot,0.6973479136913384,278
GLN,SOL,1.0,count,13.9,278
GLU,SOL,1.0,Sor_test2,0.4188067730266181,264
GLU,SOL,1.0,Strans,10.73850981013487,264
GLU,SOL,1.0,Srot,0.38464632512353863,264
GLU,SOL,1.0,count,13.2,264
GLY,SOL,1.0,Sor_test2,3.317004100637497,569
GLY,SOL,1.0,Strans,12.231712004695432,569
GLY,SOL,1.0,Srot,0.6488876217312,569
GLY,SOL,1.0,count,28.45,569
HIS,SOL,1.0,Sor_test2,1.3222404007825637,74
HIS,SOL,1.0,Strans,13.378888730524029,74
HIS,SOL,1.0,Srot,0.5544987084105125,74
HIS,SOL,1.0,count,3.7,74
ILE,SOL,1.0,Sor_test2,1.5922197353248155,110
ILE,SOL,1.0,Strans,12.304496346086145,110
ILE,SOL,1.0,Srot,0.7182318706352805,110
ILE,SOL,1.0,count,5.5,110
LEU,SOL,1.0,Sor_test2,1.465961614640708,342
LEU,SOL,1.0,Strans,12.213334371583123,342
LEU,SOL,1.0,Srot,0.5760935428014555,342
LEU,SOL,1.0,count,17.1,342
LYS,SOL,1.0,Sor_test2,1.939914253016845,708
LYS,SOL,1.0,Strans,13.198340372277,708
LYS,SOL,1.0,Srot,0.6212007411248891,708
LYS,SOL,1.0,count,35.4,708
MET,SOL,1.0,Sor_test2,0.0,19
MET,SOL,1.0,Strans,12.048174984222403,19
MET,SOL,1.0,Srot,1.0409450669117886,19
MET,SOL,1.0,count,0.95,19
PHE,SOL,1.0,Sor_test2,2.2229107149560057,132
PHE,SOL,1.0,Strans,9.95794093035545,132
PHE,SOL,1.0,Srot,0.6556878100267745,132
PHE,SOL,1.0,count,6.6,132
PRO,SOL,1.0,Sor_test2,2.2245847760402526,194
PRO,SOL,1.0,Strans,12.65095284330799,194
PRO,SOL,1.0,Srot,0.5739086511681044,194
PRO,SOL,1.0,count,9.7,194
SER,SOL,1.0,Sor_test2,1.935638111782895,516
SER,SOL,1.0,Strans,12.755494418234129,516
SER,SOL,1.0,Srot,0.6399780377064667,516
SER,SOL,1.0,count,25.8,516
THR,SOL,1.0,Sor_test2,2.023674932219302,503
THR,SOL,1.0,Strans,12.034492270431514,503
THR,SOL,1.0,Srot,0.6314624393437313,503
THR,SOL,1.0,count,25.15,503
TRP,SOL,1.0,Sor_test2,1.6995898997770613,362
TRP,SOL,1.0,Strans,12.988873612055642,362
TRP,SOL,1.0,Srot,0.68506986919709,362
TRP,SOL,1.0,count,18.1,362
TYR,SOL,1.0,Sor_test2,1.5072019457187575,169
TYR,SOL,1.0,Strans,12.29133548139495,169
TYR,SOL,1.0,Srot,0.6160494097052182,169
TYR,SOL,1.0,count,8.45,169
VAL,SOL,1.0,Sor_test2,2.6564545677463873,272
VAL,SOL,1.0,Strans,11.283552250325943,272
VAL,SOL,1.0,Srot,0.5917900305247851,272
VAL,SOL,1.0,count,13.6,272
