resName,variable,value,count
ACE,WM_Strans,31.20938016596053,20
ACE,WM_Srot,18.233383566887117,20
ACE,WM_UA_Strans,1.4502726361533511,20
ACE,WM_UA_Srot,17.25675020177659,20
ARG,WM_Strans,37.553747050759135,20
ARG,WM_Srot,10.551190478706843,20
ARG,WM_UA_Strans,203.09527522128928,20
ARG,WM_UA_Srot,nan,20
ARG,conf_AE,18.35852729618177,20
NME,WM_Strans,28.852400895320642,20
NME,WM_Srot,0.38774858390706696,20
NME,WM_UA_Strans,0.0,20
NME,WM_UA_Srot,27.433272065142337,20
resName,variable,value,count
ACE,WM_Strans,31.20938016596053,20
ACE,WM_Srot,18.233383566887117,20
ACE,WM_UA_Strans,1.4502726361533511,20
ACE,WM_UA_Srot,17.25675020177659,20
ARG,WM_Strans,37.553747050759135,20
ARG,WM_Srot,10.551190478706843,20
ARG,WM_UA_Strans,203.09527522128928,20
ARG,WM_UA_Srot,nan,20
ARG,conf_AE,18.35852729618177,20
NME,WM_Strans,28.852400895320642,20
NME,WM_Srot,0.38774858390706696,20
NME,WM_UA_Strans,0.0,20
NME,WM_UA_Srot,27.433272065142337,20
resName,variable,value,count
ACE,WM_Strans,31.20938016596053,20
ACE,WM_Srot,18.233383566887117,20
ACE,WM_UA_Strans,1.4502726361533511,20
ACE,WM_UA_Srot,17.25675020177659,20
ARG,WM_Strans,37.553747050759135,20
ARG,WM_Srot,10.551190478706843,20
ARG,WM_UA_Strans,203.09527522128928,20
ARG,WM_UA_Srot,nan,20
ARG,conf_AE,18.35852729618177,20
NME,WM_Strans,28.852400895320642,20
NME,WM_Srot,0.38774858390706696,20
NME,WM_UA_Strans,0.0,20
NME,WM_UA_Srot,27.433272065142337,20
resName,variable,value,count
ACE,WM_Strans,31.20938016596053,20
ACE,WM_Srot,18.233383566887117,20
ACE,WM_UA_Strans,1.4502726361533511,20
ACE,WM_UA_Srot,17.25675020177659,20
ARG,WM_Strans,37.553747050759135,20
ARG,WM_Srot,10.551190478706843,20
ARG,WM_UA_Strans,203.09527522128928,20
ARG,WM_UA_Srot,nan,20
ARG,conf_AE,18.35852729618177,20
NME,WM_Strans,28.852400895320642,20
NME,WM_Srot,0.38774858390706696,20
NME,WM_UA_Strans,0.0,20
NME,WM_UA_Srot,27.433272065142337,20
resName,variable,value,count
ACE,WM_Strans,31.20938016596053,20
ACE,WM_Srot,18.233383566887117,20
ACE,WM_UA_Strans,1.4502726361533511,20
ACE,WM_UA_Srot,17.25675020177659,20
ARG,WM_Strans,37.553747050759135,20
ARG,WM_Srot,10.551190478706843,20
ARG,WM_UA_Strans,203.09527522128928,20
ARG,WM_UA_Srot,nan,20
ARG,conf_AE,18.35852729618177,20
NME,WM_Strans,28.852400895320642,20
NME,WM_Srot,0.38774858390706696,20
NME,WM_UA_Strans,0.0,20
NME,WM_UA_Srot,27.433272065142337,20
resName,variable,value,count
ACE,WM_Strans,31.20938016596053,20
ACE,WM_Srot,18.233383566887117,20
ACE,WM_UA_Strans,1.4502726361533511,20
ACE,WM_UA_Srot,17.25675020177659,20
ARG,WM_Strans,37.553747050759135,20
ARG,WM_Srot,10.551190478706843,20
ARG,WM_UA_Strans,203.09527522128928,20
ARG,WM_UA_Srot,nan,20
ARG,conf_AE,18.35852729618177,20
NME,WM_Strans,28.852400895320642,20
NME,WM_Srot,0.38774858390706696,20
NME,WM_UA_Strans,0.0,20
NME,WM_UA_Srot,27.433272065142337,20
resName,variable,value,count
ACE,WM_Strans,31.20938016596053,20
ACE,WM_Srot,18.233383566887117,20
ACE,WM_UA_Strans,1.4502726361533511,20
ACE,WM_UA_Srot,17.25675020177659,20
ARG,WM_Strans,37.553747050759135,20
ARG,WM_Srot,10.551190478706843,20
ARG,WM_UA_Strans,203.09527522128928,20
ARG,WM_UA_Srot,nan,20
ARG,conf_AE,18.35852729618177,20
NME,WM_Strans,28.852400895320642,20
NME,WM_Srot,0.38774858390706696,20
NME,WM_UA_Strans,0.0,20
NME,WM_UA_Srot,27.433272065142337,20
resName,variable,value,count
ACE,WM_Strans,31.20938016596053,20
ACE,WM_Srot,18.233383566887117,20
ACE,WM_UA_Strans,1.4502726361533511,20
ACE,WM_UA_Srot,17.25675020177659,20
ARG,WM_Strans,37.553747050759135,20
ARG,WM_Srot,10.551190478706843,20
ARG,WM_UA_Strans,203.09527522128928,20
ARG,WM_UA_Srot,nan,20
ARG,conf_AE,18.35852729618177,20
NME,WM_Strans,28.852400895320642,20
NME,WM_Srot,0.38774858390706696,20
NME,WM_UA_Strans,0.0,20
NME,WM_UA_Srot,27.433272065142337,20
resName,variable,value,count
ACE,WM_Strans,31.20938016596053,20
ACE,WM_Srot,18.233383566887117,20
ACE,WM_UA_Strans,1.4502726361533511,20
ACE,WM_UA_Srot,17.25675020177659,20
ARG,WM_Strans,37.553747050759135,20
ARG,WM_Srot,10.551190478706843,20
ARG,WM_UA_Strans,203.09527522128928,20
ARG,WM_UA_Srot,nan,20
ARG,conf_AE,18.35852729618177,20
NME,WM_Strans,28.852400895320642,20
NME,WM_Srot,0.38774858390706696,20
NME,WM_UA_Strans,0.0,20
NME,WM_UA_Srot,27.433272065142337,20
resName,variable,value,count
ACE,WM_Strans,31.20938016596053,20
ACE,WM_Srot,18.233383566887117,20
ACE,WM_UA_Strans,1.4502726361533511,20
ACE,WM_UA_Srot,17.25675020177659,20
ARG,WM_Strans,37.553747050759135,20
ARG,WM_Srot,10.551190478706843,20
ARG,WM_UA_Strans,203.09527522128928,20
ARG,WM_UA_Srot,nan,20
ARG,conf_AE,18.35852729618177,20
NME,WM_Strans,28.852400895320642,20
NME,WM_Srot,0.38774858390706696,20
NME,WM_UA_Strans,0.0,20
NME,WM_UA_Srot,27.433272065142337,20
